test_num,avg_sentiment_polarity
t1,0.04021518329554045
t2,0.3259921789568366
t3,0.04252607050572167
t4,0.04088783981025361
