test_num,avg_sentiment_polarity
t1,0.10122079163116024
t2,0.10606126639917285
t3,0.10601366692943147
t4,0.10417974811892684
