test_num,avg_sentiment_polarity
t1,-0.014576985423934272
t2,-0.014926438509007262
t3,0.0010934573243262314
t4,0.012821453074235472
