test_num,avg_sentiment_polarity
t1,0.019177094916492218
t2,0.024027818186045727
t3,0.024439383053469974
t4,0.02548379085920589
