test_num,avg_sentiment_polarity
t1,0.11673549378443764
t2,0.11558217262642895
t3,0.11343578125738134
t4,0.11117378348952417
