test_num,avg_sentiment_polarity
t1,0.24419130211893367
t2,0.026976710192536005
t3,0.021188394134215267
t4,0.03319879510530952
