test_num,avg_sentiment_polarity
t1,0.27139864576448053
t2,0.016127156301024185
t3,0.014720598535872677
t4,0.2645210733277765
