test_num,avg_sentiment_polarity
t1,6.015237475198401e-05
t2,6.015237475198401e-05
t3,0.16756265786139155
t4,0.17564721249064058
