test_num,avg_sentiment_polarity
t1,0.10707620661718494
t2,0.05224963450292398
t3,0.04233293075684381
t4,0.04523858720342525
