test_num,avg_sentiment_polarity
t1,0.34334330189402673
t2,0.34334330189402673
t3,0.3384383975812549
t4,0.09744137806637806
