test_num,avg_sentiment_polarity
t1,0.10606209959409234
t2,0.10945012598861883
t3,0.10368959304184942
t4,0.09600511338975694
