test_num,avg_sentiment_polarity
t1,-0.044444444444444446
t2,0.13665239663172582
t3,0.13750189574301802
t4,0.13475075096268424
